Unique Code,Driver Name
AA23,Alexander Albon
CS55,Carlos Sainz
CL16,Charles Leclerc
DR03,Daniel Ricciardo
EO31,Esteban Ocon
FA14,Fernando Alonso
FC43,Franco Colapinto
GB05,Gabriel Bortoleto
GR63,George Russell
GZ24,Guanyu Zhou
IH06,Isack Hadjar
JD07,Jack Doohan
KV20,Kevin Magnussen
KA12,Kimi Antonelli
LS18,Lance Stroll
LN04,Lando Norris
LH44,Lewis Hamilton
LL30,Liam Lawson
LS02,Logan Sargeant
MV01,Max Verstappen
MS47,Mick Schumacher
NL06,Nicholas Latifi
NH27,Nico Hulkenberg
NV21,Nyck De Vries
OB87,Oliver Bearman
OP81,Oscar Piastri
PG10,Pierre Gasly
SV05,Sebastian Vettel
SP11,Sergio Perez
VB77,Valtteri Bottas
YT22,Yuki Tsunoda
